{
  "num_train_games": 205000,
  "n_d": 6,
  "n_a": 6,
  "n_steps": 2,
  "train_shape": [
    26880446,
    52
  ],
  "test_shape": [
    161233,
    52
  ],
  "best_epoch": 4,
  "train_time_s": 11396.280755281448,
  "device": "cuda",
  "log_loss": 0.566024807580256,
  "accuracy": 0.6920357495053742,
  "inversions": 0.012
}