{
  "num_train_games": 50000,
  "n_d": 64,
  "n_a": 64,
  "n_steps": 3,
  "train_shape": [
    7876625,
    52
  ],
  "test_shape": [
    161233,
    52
  ],
  "best_epoch": 0,
  "train_time_s": 2284.9745070934296,
  "device": "cuda",
  "log_loss": 0.5682246965545837,
  "accuracy": 0.6903797609670477,
  "inversions": 0.018,
  "wall_time_s": 2384.6114473342896,
  "label": "64-64-3"
}